topic,n_miscomm,n_no_miscomm,n_total,miscomm_rate,ci_lower,ci_upper
javascript,339435,2142948,2482383,0.1367375622536893,0.136310159795334,0.1371649647120446
python,293149,1877464,2170613,0.13505355399603705,0.13459886704628382,0.13550824094579028
java,287850,1598244,1886094,0.15261699575949025,0.15210376139294082,0.15313023012603968
c#,255915,1348178,1604093,0.15953875492256372,0.1589720809774081,0.16010542886771936
php,204649,1241812,1446461,0.1414825563910814,0.14091458204776158,0.14205053073440121
android,163494,1206268,1369762,0.11935942156374611,0.11881646984312544,0.11990237328436679
html,158888,1014506,1173394,0.135408907834879,0.13478980451093125,0.13602801115882673
jquery,143735,876134,1019869,0.14093476711224676,0.1402594526998479,0.1416100815246456
c++,153457,654728,808185,0.18987855503381032,0.18902346134327877,0.19073364872434187
css,100062,697754,797816,0.12541989631694525,0.12469314184005427,0.12614665079383622
sql,103604,568391,671995,0.15417376617385545,0.15331035261041392,0.15503717973729697
ios,83886,584729,668615,0.12546233632209866,0.12466834828711693,0.1262563243570804
mysql,97501,556245,653746,0.14914202151906092,0.14827848621118211,0.15000555682693972
r,55511,447519,503030,0.11035325924895135,0.10948737367067941,0.1112191448272233
reactjs,50369,407631,458000,0.1099759825327511,0.10906988881176748,0.11088207625373471
node.js,52683,402765,455448,0.11567291985034515,0.11474404119573042,0.11660179850495989
arrays,72523,343766,416289,0.17421310675996723,0.17306089312744893,0.17536532039248554
c,82868,323270,406138,0.2040390212193885,0.2027995919071483,0.2052784505316287
asp.net,49608,318333,367941,0.13482596394530644,0.13372237971740397,0.1359295481732089
json,49912,306470,356382,0.14005196670987874,0.13891255966401328,0.1411913737557442
.net,49698,286168,335866,0.14796972602168723,0.14676888089963644,0.14917057114373802
sql-server,51941,282957,334898,0.15509498414442607,0.15386894985974128,0.15632101842911086
python-3.x,43277,291323,334600,0.1293395098625224,0.1282024505302807,0.1304765691947641
ruby-on-rails,39921,292816,332737,0.11997763999795634,0.11887355493591614,0.12108172505999654
swift,44954,283270,328224,0.13696134347275032,0.1357851330256101,0.13813755391989055
django,38614,266549,305163,0.12653565471567654,0.12535609703546385,0.12771521239588923
angular,33412,264805,298217,0.11203921976279019,0.11090715361776698,0.11317128590781339
objective-c,40211,247256,287467,0.13988040366372487,0.1386124016808915,0.14114840564655823
excel,40110,246942,287052,0.13973078048576565,0.13846243076600004,0.14099913020553126
pandas,31503,255410,286913,0.10979983479312544,0.10865583581454821,0.11094383377170267
regex,38665,222049,260714,0.1483042721142708,0.1469400252626925,0.1496685189658491
angularjs,29856,226288,256144,0.11655943531763382,0.11531670651664443,0.11780216411862322
typescript,25762,201509,227271,0.1133536614878273,0.11205026349185333,0.11465705948380127
ruby,29891,196920,226811,0.13178814078682252,0.13039602603006956,0.1331802555435755
linux,30106,193676,223782,0.1345327148742973,0.13311893180295015,0.13594649794564445
ajax,32748,184906,217654,0.15045898536208846,0.14895697134816896,0.15196099937600796
iphone,26361,190487,216848,0.12156441378292629,0.12018898993067777,0.12293983763517481
vba,32971,182305,215276,0.1531568776826028,0.15163553167857988,0.15467822368662573
xml,26947,184787,211734,0.12726817610775784,0.12584859213737842,0.12868776007813726
laravel,24514,184763,209277,0.11713661797521945,0.11575881089135806,0.11851442505908083
spring,25374,181266,206640,0.12279326364692218,0.12137816366632954,0.12420836362751482
asp.net-mvc,28908,169212,198120,0.14591156874621442,0.14435707780788354,0.1474660596845453
database,28407,163248,191655,0.1482194568365031,0.14662866827015214,0.14981024540285404
wordpress,18271,166765,185036,0.09874294731835967,0.09738367855490142,0.10010221608181792
string,31696,152858,184554,0.17174377147068068,0.17002302378858125,0.1734645191527801
postgresql,20925,155461,176386,0.11863186420690984,0.1171228151239671,0.12014091328985257
flutter,15677,155668,171345,0.09149376987948292,0.09012862083450927,0.09285891892445657
mongodb,18404,152706,171110,0.10755654257495179,0.10608853888444843,0.10902454626545514
wpf,22896,144771,167667,0.13655638855588756,0.13491275395168356,0.13820002316009156
windows,21433,142977,164410,0.13036311659874703,0.1287355517580869,0.13199068143940715
bash,23086,133135,156221,0.14777782756479602,0.14601801093193043,0.1495376441976616
xcode,18883,136101,154984,0.12183838331698756,0.12020986769942407,0.12346689893455104
amazon-web-services,16586,137284,153870,0.10779229219470982,0.10624274098471616,0.10934184340470347
oracle-database,22074,129454,151528,0.1456760466712423,0.1438997520898474,0.14745234125263718
git,22201,129297,151498,0.1465431886889596,0.14476234330618606,0.14832403407173314
dataframe,16044,131699,147743,0.10859397737963897,0.10700746572557439,0.11018048903370355
spring-boot,16387,129165,145552,0.11258519292074311,0.11096132405090783,0.11420906179057838
azure,14531,127978,142509,0.10196548989888359,0.10039437465192595,0.10353660514584122
list,23377,118060,141437,0.16528206904841025,0.16334628326869227,0.16721785482812823
multithreading,26121,113215,139336,0.18746770396738818,0.18541839260432624,0.18951701533045012
firebase,16655,122284,138939,0.1198727499118318,0.11816479282392671,0.1215807069997369
vb.net,20906,117938,138844,0.150571864826712,0.14869069610808566,0.15245303354533835
docker,14608,119700,134308,0.10876492837358906,0.10709980773550637,0.11043004901167175
react-native,11015,117338,128353,0.08581801749861709,0.08428566518999132,0.08735036980724285
eclipse,14814,107290,122104,0.12132280678765642,0.11949143285883687,0.12315418071647596
algorithm,28133,92519,120652,0.2331747505221629,0.23078871024012756,0.23556079080419826
powershell,13198,104981,118179,0.11167804770729148,0.10988225989446251,0.11347383552012044
macos,12511,102278,114789,0.10899127965223149,0.1071884994164335,0.11079405988802947
numpy,15980,98110,114090,0.14006486107459024,0.13805099898500048,0.14207872316418
visual-studio,14288,99192,113480,0.12590764892492068,0.1239774541975685,0.12783784365227285
forms,16178,95592,111770,0.14474367003668248,0.14268094478807664,0.14680639528528833
image,15149,96232,111381,0.1360106301792945,0.133997410620646,0.138023849737943
function,18313,92554,110867,0.1651799002408291,0.16299400184376797,0.16736579863789022
scala,13220,97526,110746,0.1193722572372817,0.11746266811791063,0.12128184635665278
vue.js,10806,94273,105079,0.10283691317960772,0.10100033965194712,0.10467348670726832
twitter-bootstrap,11460,89956,101416,0.11299992111698351,0.11105140621270651,0.11494843602126051
performance,18503,82655,101158,0.18291188042468218,0.18052949864242224,0.18529426220694212
winforms,16027,82479,98506,0.16270074919294256,0.16039580796049677,0.16500569042538835
selenium,12469,85625,98094,0.12711276938446797,0.12502823765654977,0.12919730111238617
loops,16044,80146,96190,0.16679488512319368,0.16443897652634298,0.16915079372004438
kotlin,10399,84017,94416,0.11014023046941196,0.10814328112002587,0.11213717981879805
sqlite,12048,81737,93785,0.1284640400916991,0.1263225166950773,0.1306055634883209
matlab,14385,79004,93389,0.15403313024017817,0.1517179118841143,0.15634834859624205
python-2.7,12807,80275,93082,0.13758836294879784,0.13537541410783158,0.1398013117897641
hibernate,11785,81055,92840,0.1269388194743645,0.12479736881600834,0.12908027013272066
shell,13147,79297,92444,0.14221582796071136,0.13996428785075646,0.14446736807066626
express,10802,81448,92250,0.11709485094850948,0.11501994312697231,0.11916975877004665
dart,9055,82828,91883,0.09854924197076717,0.09662200048259326,0.10047648345894108
entity-framework,13924,76567,90491,0.15387165574477019,0.15152066557653543,0.15622264591300494
csv,13122,76477,89599,0.14645252737195727,0.14413744330614536,0.14876761143776918
rest,10538,78841,89379,0.11790241555622685,0.11578815750277718,0.12001667360967652
apache,9538,79745,89283,0.10682884759696695,0.1048026429841291,0.1088550522098048
maven,11131,75954,87085,0.12781764942297755,0.12560004819411336,0.13003525065184174
android-studio,9078,77684,86762,0.10463105968050529,0.10259438052591602,0.10666773883509456
linq,15162,71295,86457,0.17537041535098372,0.17283549912347157,0.17790533157849586
dictionary,14252,71504,85756,0.16619245300620364,0.1637009445044537,0.1686839615079536
qt,10823,73939,84762,0.12768693518321889,0.12544013270848786,0.1299337376579499
asp.net-core,11360,72610,83970,0.135286411813743,0.13297297721912352,0.1375998464083625
unit-testing,10210,73168,83378,0.1224543644606491,0.1202292501633233,0.1246794787579749
facebook,7702,74142,81844,0.09410585992864474,0.092105492810778,0.09610622704651149
swing,12987,68113,81100,0.16013563501849568,0.15761160674884117,0.16265966328815018
file,13257,67309,80566,0.1645483206315319,0.16198804003027253,0.16710860123279128
class,14959,64513,79472,0.1882298167908194,0.1855120652071301,0.1909475683745087
apache-spark,8221,70993,79214,0.10378215971924155,0.10165831263867539,0.10590600679980772
tensorflow,7861,69980,77841,0.10098791125499415,0.09887116242327486,0.10310466008671344
sorting,13368,63481,76849,0.1739515153092428,0.1712713977838056,0.17663163283468
date,10730,65984,76714,0.13987016711421643,0.13741566556994683,0.14232466865848603
unity-game-engine,10244,64643,74887,0.13679276777010696,0.13433159581046694,0.13925393972974698
t-sql,11629,61919,73548,0.1581144286724316,0.15547759386813298,0.16075126347673024
go,8279,64489,72768,0.11377253737906773,0.11146538023531982,0.11607969452281564
authentication,8552,64110,72662,0.11769563182956704,0.11535252664699369,0.12003873701214038
symfony,7980,64666,72646,0.10984775486606282,0.10757382033661253,0.11212168939551312
for-loop,11915,59857,71772,0.1660118151925542,0.16328956526305027,0.16873406512205813
.htaccess,7956,63740,71696,0.11096853380941754,0.10866938491014312,0.11326768270869196
matplotlib,8246,63228,71474,0.11537062428295604,0.11302849789491867,0.1177127506709934
datetime,10249,60871,71120,0.14410854893138358,0.1415273919746444,0.14668970588812277
opencv,9537,61369,70906,0.1345020167545765,0.13199063921140833,0.13701339429774465
google-chrome,7253,61963,69216,0.10478791030975497,0.10250614285382431,0.10706967776568563
codeigniter,8163,60443,68606,0.11898376235314695,0.11656099994202761,0.12140652476426629
perl,11991,56042,68033,0.17625270089515382,0.17338943847983346,0.1791159633104742
validation,8465,58010,66475,0.12734110567882662,0.12480694897731963,0.1298752623803336
http,8195,58214,66409,0.1234019485310726,0.12090042921815419,0.125903467843991
sockets,10502,54361,64863,0.1619104882598708,0.15907557190321298,0.16474540461652865
object,11014,53686,64700,0.1702318392581144,0.1673358115684146,0.17312786694781418
google-maps,6389,58135,64524,0.09901741987477528,0.09671274625872323,0.10132209349082733
uitableview,9838,53685,63523,0.15487303811217984,0.15205958644514064,0.15768648977921904
xaml,7882,54336,62218,0.1266835963868977,0.12406996673350852,0.12929722604028684
if-statement,10227,51789,62016,0.16490905572755418,0.16198831278881182,0.16782979866629655
oop,11942,50053,61995,0.1926284377772401,0.18952405929418797,0.1957328162602922
ubuntu,5993,52936,58929,0.10169865431281712,0.09925825910234033,0.1041390495232939
cordova,4835,53394,58229,0.08303422693159766,0.08079297053805193,0.0852754833251434
visual-studio-code,5770,52430,58200,0.09914089347079037,0.09671288929224156,0.10156889764933918
email,6764,51201,57965,0.11669110670232037,0.11407745127167852,0.11930476213296222
android-layout,6959,50762,57721,0.12056270681381126,0.11790627861223625,0.12321913501538627
ms-access,8864,48832,57696,0.1536328341652801,0.1506904143035197,0.15657525402704048
web-services,6768,50903,57671,0.11735534324010334,0.1147285752665471,0.11998211121365958
spring-mvc,7035,50179,57214,0.12295941552766805,0.12026852731759027,0.12565030373774583
ggplot2,5795,51397,57192,0.1013253601902364,0.09885221991178068,0.10379850046869211
parsing,8587,48419,57006,0.15063326667368349,0.14769694346399667,0.1535695898833703
pointers,12541,44393,56934,0.22027259633962132,0.21686834311757203,0.2236768495616706
github,6827,49827,56654,0.12050340664383803,0.11782264917056684,0.12318416411710922
user-interface,7574,48948,56522,0.13400091999575386,0.13119251383964337,0.13680932615186436
kubernetes,5949,50564,56513,0.1052678144851627,0.10273748996872507,0.10779813900160033
c++11,11550,44959,56509,0.20439222070820579,0.20106731792137594,0.20771712349503563
selenium-webdriver,6763,49383,56146,0.12045381683468101,0.11776143737964567,0.12314619628971635
google-sheets,7824,48185,56009,0.13969183524076487,0.13682079224879445,0.14256287823273528
elasticsearch,5995,49936,55931,0.10718563944860632,0.10462187179178348,0.10974940710542916
google-apps-script,9278,45957,55235,0.1679732053951299,0.16485548220472607,0.1710909285855337
templates,9095,46111,55206,0.1647465855160671,0.16165215830216684,0.16784101272996738
ruby-on-rails-3,6274,48817,55091,0.11388430052095623,0.11123157150115481,0.11653702954075765
security,7892,47046,54938,0.14365284502530126,0.14071991504962422,0.1465857750009783
variables,9044,44623,53667,0.1685206924180595,0.16535364364033145,0.17168774119578756
machine-learning,7039,46482,53521,0.13151846938584855,0.12865516427687299,0.1343817744948241
flask,5939,47490,53429,0.11115686237810926,0.10849154917866867,0.11382217557754985
sql-server-2008,8189,45199,53388,0.15338652880797182,0.15032970475190374,0.1564433528640399
exception,8448,44596,53044,0.15926400723927306,0.15614995009518814,0.16237806438335797
tkinter,7570,44750,52320,0.14468654434250763,0.1416721578991525,0.14770093078586277
delphi,8957,43209,52166,0.1717018747843423,0.1684656166085213,0.17493813296016328
nginx,4944,47106,52050,0.09498559077809798,0.09246674072070897,0.097504440835487
listview,7188,44506,51694,0.13904901922853716,0.13606632193845128,0.14203171651862304
haskell,8603,42863,51466,0.16715890102203396,0.1639352969817535,0.17038250506231442
debugging,6661,44558,51219,0.13004939573205257,0.12713638563356688,0.13296240583053826
asynchronous,8411,42685,51096,0.16461171128855487,0.16139629523299648,0.16782712734411326
jpa,6927,44157,51084,0.13560018792576933,0.13263125011390972,0.13856912573762895
jsp,6603,44173,50776,0.13004175200882306,0.12711613521924628,0.13296736879839985
web-scraping,6418,44229,50647,0.12672024009319408,0.12382303727244921,0.12961744291393895
gradle,4897,45458,50355,0.09724952834872407,0.09466153959311255,0.09983751710433558
batch-file,7045,43129,50174,0.14041136843783633,0.13737144128762102,0.14345129558805164
generics,9106,40848,49954,0.18228770468831323,0.17890199365491122,0.18567341572171525
xamarin,5817,44074,49891,0.11659417530215871,0.11377797511134173,0.11941037549297569
pdf,5921,43794,49715,0.11909886352207583,0.1162515863690422,0.12194614067510945
google-cloud-platform,5431,43896,49327,0.11010197255053014,0.10733960545789398,0.1128643396431663
wcf,6102,43153,49255,0.12388589990863871,0.12097637429672825,0.12679542552054918
amazon-s3,5317,43806,49123,0.10823850334873684,0.10549105916497516,0.11098594753249853
ssl,5240,43766,49006,0.10692568256948129,0.10418968152196295,0.10966168361699963
testing,5361,43412,48773,0.10991737231665061,0.10714140296013377,0.11269334167316744
jenkins,4403,44128,48531,0.09072551564979085,0.08817011691157765,0.09328091438800405
npm,4261,43244,47505,0.08969582149247447,0.08712621995084437,0.09226542303410458
unix,6905,40456,47361,0.1457950634488292,0.14261674003238212,0.14897338686527628
recursion,8662,38509,47171,0.18362977252973225,0.1801356859926156,0.18712385906684892
ionic-framework,4157,42234,46391,0.08960789808368003,0.08700877653396469,0.09220701963339537
network-programming,6200,40090,46290,0.13393821559732125,0.1308355199741086,0.13704091122053388
google-app-engine,5230,40867,46097,0.11345640714146257,0.11056116893538823,0.11635164534753692
visual-studio-2010,5954,39713,45667,0.13037861037510676,0.12729028456691716,0.13346693618329636
mongoose,4738,40660,45398,0.10436583109388078,0.101553397959286,0.10717826422847557
assembly,9356,35662,45018,0.20782797991914345,0.20407976288084648,0.21157619695744043
.net-core,5551,39218,44769,0.1239920480689763,0.1209391077424921,0.1270449883954605
android-fragments,6248,38048,44296,0.14105111070977064,0.1378096128999138,0.14429260851962747
math,9461,34813,44274,0.21369200885395492,0.20987369013518198,0.21751032757272787
join,6878,36739,43617,0.15769080862966275,0.15427048551229094,0.16111113174703456
winapi,7326,36111,43437,0.16865805649561433,0.16513662250537145,0.1721794904858572
svg,4812,38588,43400,0.11087557603686636,0.10792157651046597,0.11382957556326675
rust,5739,37504,43243,0.13271512152255857,0.12951741019615376,0.13591283284896338
animation,4673,38567,43240,0.10807123034227567,0.10514483253400235,0.11099762815054899
session,6216,36946,43162,0.1440155692507298,0.14070316794936022,0.1473279705520994
intellij-idea,4425,38669,43094,0.10268250800575486,0.09981655563582296,0.10554846037568676
django-models,5703,37322,43025,0.13255084253341082,0.12934672164733807,0.13575496341948357
laravel-5,5040,37923,42963,0.11731024369806578,0.11426739202030047,0.1203530953758311
curl,4876,37971,42847,0.11380026606296824,0.11079326689473602,0.11680726523120046
hadoop,4128,38625,42753,0.09655462774542137,0.09375493565929559,0.09935431983154715
