topic,n_questions,n_miscomm,miscomm_rate
algorithm,120652,28133.0,0.2331747505221629
pointers,56934,12541.0,0.22027259633962132
math,44274,9461.0,0.21369200885395492
assembly,45018,9356.0,0.20782797991914345
c++11,56509,11550.0,0.20439222070820579
c,406138,82868.0,0.2040390212193885
oop,61995,11942.0,0.1926284377772401
c++,808185,153457.0,0.18987855503381032
class,79472,14959.0,0.1882298167908194
multithreading,139336,26121.0,0.18746770396738818
recursion,47171,8662.0,0.18362977252973225
performance,101158,18503.0,0.18291188042468218
generics,49954,9106.0,0.18228770468831323
perl,68033,11991.0,0.17625270089515382
linq,86457,15162.0,0.17537041535098372
arrays,416289,72523.0,0.17421310675996723
sorting,76849,13368.0,0.1739515153092428
string,184554,31696.0,0.17174377147068068
delphi,52166,8957.0,0.1717018747843423
object,64700,11014.0,0.1702318392581144
winapi,43437,7326.0,0.16865805649561433
variables,53667,9044.0,0.1685206924180595
google-apps-script,55235,9278.0,0.1679732053951299
haskell,51466,8603.0,0.16715890102203396
loops,96190,16044.0,0.16679488512319368
dictionary,85756,14252.0,0.16619245300620364
for-loop,71772,11915.0,0.1660118151925542
list,141437,23377.0,0.16528206904841025
function,110867,18313.0,0.1651799002408291
if-statement,62016,10227.0,0.16490905572755418
templates,55206,9095.0,0.1647465855160671
asynchronous,51096,8411.0,0.16461171128855487
file,80566,13257.0,0.1645483206315319
winforms,98506,16027.0,0.16270074919294256
sockets,64863,10502.0,0.1619104882598708
swing,81100,12987.0,0.16013563501849568
c#,1604093,255915.0,0.15953875492256372
exception,53044,8448.0,0.15926400723927306
t-sql,73548,11629.0,0.1581144286724316
join,43617,6878.0,0.15769080862966275
sql-server,334898,51941.0,0.15509498414442607
uitableview,63523,9838.0,0.15487303811217984
sql,671995,103604.0,0.15417376617385545
matlab,93389,14385.0,0.15403313024017817
entity-framework,90491,13924.0,0.15387165574477019
ms-access,57696,8864.0,0.1536328341652801
sql-server-2008,53388,8189.0,0.15338652880797182
vba,215276,32971.0,0.1531568776826028
java,1886094,287850.0,0.15261699575949025
parsing,57006,8587.0,0.15063326667368349
vb.net,138844,20906.0,0.150571864826712
ajax,217654,32748.0,0.15045898536208846
mysql,653746,97501.0,0.14914202151906092
regex,260714,38665.0,0.1483042721142708
database,191655,28407.0,0.1482194568365031
.net,335866,49698.0,0.14796972602168723
bash,156221,23086.0,0.14777782756479602
git,151498,22201.0,0.1465431886889596
csv,89599,13122.0,0.14645252737195727
asp.net-mvc,198120,28908.0,0.14591156874621442
unix,47361,6905.0,0.1457950634488292
oracle-database,151528,22074.0,0.1456760466712423
forms,111770,16178.0,0.14474367003668248
tkinter,52320,7570.0,0.14468654434250763
datetime,71120,10249.0,0.14410854893138358
session,43162,6216.0,0.1440155692507298
security,54938,7892.0,0.14365284502530126
shell,92444,13147.0,0.14221582796071136
php,1446461,204649.0,0.1414825563910814
android-fragments,44296,6248.0,0.14105111070977064
jquery,1019869,143735.0,0.14093476711224676
batch-file,50174,7045.0,0.14041136843783633
numpy,114090,15980.0,0.14006486107459024
json,356382,49912.0,0.14005196670987874
objective-c,287467,40211.0,0.13988040366372487
date,76714,10730.0,0.13987016711421643
excel,287052,40110.0,0.13973078048576565
google-sheets,56009,7824.0,0.13969183524076487
listview,51694,7188.0,0.13904901922853716
python-2.7,93082,12807.0,0.13758836294879784
swift,328224,44954.0,0.13696134347275032
unity-game-engine,74887,10244.0,0.13679276777010696
javascript,2482383,339435.0,0.1367375622536893
wpf,167667,22896.0,0.13655638855588756
image,111381,15149.0,0.1360106301792945
jpa,51084,6927.0,0.13560018792576933
html,1173394,158888.0,0.135408907834879
asp.net-core,83970,11360.0,0.135286411813743
python,2170613,293149.0,0.13505355399603705
asp.net,367941,49608.0,0.13482596394530644
linux,223782,30106.0,0.1345327148742973
opencv,70906,9537.0,0.1345020167545765
user-interface,56522,7574.0,0.13400091999575386
network-programming,46290,6200.0,0.13393821559732125
rust,43243,5739.0,0.13271512152255857
django-models,43025,5703.0,0.13255084253341082
ruby,226811,29891.0,0.13178814078682252
machine-learning,53521,7039.0,0.13151846938584855
visual-studio-2010,45667,5954.0,0.13037861037510676
windows,164410,21433.0,0.13036311659874703
debugging,51219,6661.0,0.13004939573205257
jsp,50776,6603.0,0.13004175200882306
python-3.x,334600,43277.0,0.1293395098625224
sqlite,93785,12048.0,0.1284640400916991
maven,87085,11131.0,0.12781764942297755
qt,84762,10823.0,0.12768693518321889
validation,66475,8465.0,0.12734110567882662
xml,211734,26947.0,0.12726817610775784
selenium,98094,12469.0,0.12711276938446797
hibernate,92840,11785.0,0.1269388194743645
web-scraping,50647,6418.0,0.12672024009319408
xaml,62218,7882.0,0.1266835963868977
django,305163,38614.0,0.12653565471567654
visual-studio,113480,14288.0,0.12590764892492068
ios,668615,83886.0,0.12546233632209866
css,797816,100062.0,0.12541989631694525
.net-core,44769,5551.0,0.1239920480689763
wcf,49255,6102.0,0.12388589990863871
http,66409,8195.0,0.1234019485310726
spring-mvc,57214,7035.0,0.12295941552766805
spring,206640,25374.0,0.12279326364692218
unit-testing,83378,10210.0,0.1224543644606491
xcode,154984,18883.0,0.12183838331698756
iphone,216848,26361.0,0.12156441378292629
eclipse,122104,14814.0,0.12132280678765642
android-layout,57721,6959.0,0.12056270681381126
github,56654,6827.0,0.12050340664383803
selenium-webdriver,56146,6763.0,0.12045381683468101
ruby-on-rails,332737,39921.0,0.11997763999795634
firebase,138939,16655.0,0.1198727499118318
scala,110746,13220.0,0.1193722572372817
android,1369762,163494.0,0.11935942156374611
pdf,49715,5921.0,0.11909886352207583
codeigniter,68606,8163.0,0.11898376235314695
postgresql,176386,20925.0,0.11863186420690984
rest,89379,10538.0,0.11790241555622685
authentication,72662,8552.0,0.11769563182956704
web-services,57671,6768.0,0.11735534324010334
laravel-5,42963,5040.0,0.11731024369806578
laravel,209277,24514.0,0.11713661797521945
express,92250,10802.0,0.11709485094850948
email,57965,6764.0,0.11669110670232037
xamarin,49891,5817.0,0.11659417530215871
angularjs,256144,29856.0,0.11655943531763382
node.js,455448,52683.0,0.11567291985034515
matplotlib,71474,8246.0,0.11537062428295604
ruby-on-rails-3,55091,6274.0,0.11388430052095623
curl,42847,4876.0,0.11380026606296824
go,72768,8279.0,0.11377253737906773
google-app-engine,46097,5230.0,0.11345640714146257
typescript,227271,25762.0,0.1133536614878273
twitter-bootstrap,101416,11460.0,0.11299992111698351
spring-boot,145552,16387.0,0.11258519292074311
angular,298217,33412.0,0.11203921976279019
powershell,118179,13198.0,0.11167804770729148
flask,53429,5939.0,0.11115686237810926
.htaccess,71696,7956.0,0.11096853380941754
svg,43400,4812.0,0.11087557603686636
r,503030,55511.0,0.11035325924895135
kotlin,94416,10399.0,0.11014023046941196
google-cloud-platform,49327,5431.0,0.11010197255053014
reactjs,458000,50369.0,0.1099759825327511
testing,48773,5361.0,0.10991737231665061
symfony,72646,7980.0,0.10984775486606282
pandas,286913,31503.0,0.10979983479312544
macos,114789,12511.0,0.10899127965223149
docker,134308,14608.0,0.10876492837358906
dataframe,147743,16044.0,0.10859397737963897
amazon-s3,49123,5317.0,0.10823850334873684
animation,43240,4673.0,0.10807123034227567
amazon-web-services,153870,16586.0,0.10779229219470982
mongodb,171110,18404.0,0.10755654257495179
elasticsearch,55931,5995.0,0.10718563944860632
ssl,49006,5240.0,0.10692568256948129
apache,89283,9538.0,0.10682884759696695
kubernetes,56513,5949.0,0.1052678144851627
google-chrome,69216,7253.0,0.10478791030975497
android-studio,86762,9078.0,0.10463105968050529
mongoose,45398,4738.0,0.10436583109388078
apache-spark,79214,8221.0,0.10378215971924155
vue.js,105079,10806.0,0.10283691317960772
intellij-idea,43094,4425.0,0.10268250800575486
azure,142509,14531.0,0.10196548989888359
ubuntu,58929,5993.0,0.10169865431281712
ggplot2,57192,5795.0,0.1013253601902364
tensorflow,77841,7861.0,0.10098791125499415
visual-studio-code,58200,5770.0,0.09914089347079037
google-maps,64524,6389.0,0.09901741987477528
wordpress,185036,18271.0,0.09874294731835967
dart,91883,9055.0,0.09854924197076717
gradle,50355,4897.0,0.09724952834872407
hadoop,42753,4128.0,0.09655462774542137
nginx,52050,4944.0,0.09498559077809798
facebook,81844,7702.0,0.09410585992864474
flutter,171345,15677.0,0.09149376987948292
jenkins,48531,4403.0,0.09072551564979085
npm,47505,4261.0,0.08969582149247447
ionic-framework,46391,4157.0,0.08960789808368003
react-native,128353,11015.0,0.08581801749861709
cordova,58229,4835.0,0.08303422693159766
